-- phpMyAdmin SQL Dump
-- version 4.9.0.1
-- https://www.phpmyadmin.net/
--
-- Servidor: 127.0.0.1
-- Tiempo de generación: 08-04-2020 a las 03:39:38
-- Versión del servidor: 10.4.6-MariaDB
-- Versión de PHP: 7.3.8

SET SQL_MODE = "NO_AUTO_VALUE_ON_ZERO";
SET AUTOCOMMIT = 0;
START TRANSACTION;
SET time_zone = "+00:00";


/*!40101 SET @OLD_CHARACTER_SET_CLIENT=@@CHARACTER_SET_CLIENT */;
/*!40101 SET @OLD_CHARACTER_SET_RESULTS=@@CHARACTER_SET_RESULTS */;
/*!40101 SET @OLD_COLLATION_CONNECTION=@@COLLATION_CONNECTION */;
/*!40101 SET NAMES utf8mb4 */;

--
-- Base de datos: `sensoresparte2`
--

-- --------------------------------------------------------

--
-- Estructura de tabla para la tabla `conjuntodsensores`
--

CREATE TABLE `conjuntodsensores` (
  `idconjuntoDsensores` int(10) NOT NULL,
  `NombreDelConjunto` varchar(30) COLLATE utf8_spanish_ci NOT NULL
) ENGINE=InnoDB DEFAULT CHARSET=utf8 COLLATE=utf8_spanish_ci;

--
-- Volcado de datos para la tabla `conjuntodsensores`
--

INSERT INTO `conjuntodsensores` (`idconjuntoDsensores`, `NombreDelConjunto`) VALUES
(32, 'Chignahuapan'),
(33, 'CasaCRene'),
(34, 'Examplo2');

-- --------------------------------------------------------

--
-- Estructura de tabla para la tabla `lecturas`
--

CREATE TABLE `lecturas` (
  `idSensores` int(10) NOT NULL,
  `valor` double NOT NULL,
  `fecha` datetime NOT NULL
) ENGINE=InnoDB DEFAULT CHARSET=utf8 COLLATE=utf8_spanish_ci;

--
-- Volcado de datos para la tabla `lecturas`
--

INSERT INTO `lecturas` (`idSensores`, `valor`, `fecha`) VALUES
(15, 334, '2020-04-07 17:37:26'),
(14, 346, '2020-04-07 17:37:26'),
(16, 23.5, '2020-04-07 17:37:26'),
(17, 95, '2020-04-07 17:37:26'),
(15, 334, '2020-04-07 17:37:36'),
(14, 346, '2020-04-07 17:37:36'),
(16, 23.5, '2020-04-07 17:37:36'),
(17, 95, '2020-04-07 17:37:36'),
(15, 334, '2020-04-07 17:37:46'),
(14, 346, '2020-04-07 17:37:46'),
(16, 23.6, '2020-04-07 17:37:46'),
(17, 95, '2020-04-07 17:37:46'),
(15, 334, '2020-04-07 17:37:56'),
(14, 346, '2020-04-07 17:37:56'),
(16, 23.5, '2020-04-07 17:37:56'),
(17, 95, '2020-04-07 17:37:56'),
(15, 334, '2020-04-07 17:38:06'),
(14, 346, '2020-04-07 17:38:06'),
(16, 23.5, '2020-04-07 17:38:06'),
(17, 95, '2020-04-07 17:38:06'),
(15, 334, '2020-04-07 17:38:17'),
(14, 345, '2020-04-07 17:38:17'),
(16, 23.5, '2020-04-07 17:38:17'),
(17, 95, '2020-04-07 17:38:17'),
(15, 334, '2020-04-07 17:38:27'),
(14, 346, '2020-04-07 17:38:27'),
(16, 23.6, '2020-04-07 17:38:27'),
(17, 95, '2020-04-07 17:38:27'),
(15, 334, '2020-04-07 17:38:37'),
(14, 345, '2020-04-07 17:38:37'),
(16, 23.5, '2020-04-07 17:38:37'),
(17, 95, '2020-04-07 17:38:37'),
(15, 334, '2020-04-07 17:38:47'),
(14, 345, '2020-04-07 17:38:47'),
(16, 23.5, '2020-04-07 17:38:47'),
(17, 95, '2020-04-07 17:38:47'),
(15, 334, '2020-04-07 17:38:57'),
(14, 345, '2020-04-07 17:38:57'),
(16, 23.5, '2020-04-07 17:38:57'),
(17, 95, '2020-04-07 17:38:57'),
(15, 334, '2020-04-07 17:39:07'),
(14, 346, '2020-04-07 17:39:07'),
(16, 23.5, '2020-04-07 17:39:07'),
(17, 95, '2020-04-07 17:39:07'),
(15, 334, '2020-04-07 17:39:17'),
(14, 346, '2020-04-07 17:39:17'),
(16, 23.5, '2020-04-07 17:39:17'),
(17, 95, '2020-04-07 17:39:17'),
(15, 334, '2020-04-07 17:39:27'),
(14, 346, '2020-04-07 17:39:27'),
(16, 23.5, '2020-04-07 17:39:27'),
(17, 95, '2020-04-07 17:39:27'),
(15, 334, '2020-04-07 17:39:37'),
(14, 346, '2020-04-07 17:39:37'),
(16, 23.6, '2020-04-07 17:39:37'),
(17, 95, '2020-04-07 17:39:37'),
(15, 335, '2020-04-07 17:39:47'),
(14, 347, '2020-04-07 17:39:47'),
(16, 23.5, '2020-04-07 17:39:47'),
(17, 95, '2020-04-07 17:39:47'),
(15, 335, '2020-04-07 17:39:57'),
(14, 347, '2020-04-07 17:39:57'),
(16, 23.6, '2020-04-07 17:39:57'),
(17, 95, '2020-04-07 17:39:57'),
(15, 335, '2020-04-07 17:40:07'),
(14, 347, '2020-04-07 17:40:07'),
(16, 23.5, '2020-04-07 17:40:07'),
(17, 95, '2020-04-07 17:40:07'),
(15, 334, '2020-04-07 17:40:17'),
(14, 347, '2020-04-07 17:40:17'),
(16, 23.6, '2020-04-07 17:40:17'),
(17, 95, '2020-04-07 17:40:17'),
(15, 335, '2020-04-07 17:40:27'),
(14, 347, '2020-04-07 17:40:27'),
(16, 23.5, '2020-04-07 17:40:27'),
(17, 95, '2020-04-07 17:40:27'),
(15, 335, '2020-04-07 17:40:37'),
(14, 346, '2020-04-07 17:40:37'),
(16, 23.5, '2020-04-07 17:40:37'),
(17, 95, '2020-04-07 17:40:37'),
(15, 335, '2020-04-07 17:40:47'),
(14, 346, '2020-04-07 17:40:47'),
(16, 23.5, '2020-04-07 17:40:47'),
(17, 95, '2020-04-07 17:40:47'),
(15, 335, '2020-04-07 17:40:57'),
(14, 346, '2020-04-07 17:40:57'),
(16, 23.5, '2020-04-07 17:40:57'),
(17, 95, '2020-04-07 17:40:57'),
(15, 334, '2020-04-07 17:41:07'),
(14, 346, '2020-04-07 17:41:07'),
(16, 23.7, '2020-04-07 17:41:07'),
(17, 95, '2020-04-07 17:41:07'),
(15, 335, '2020-04-07 17:41:17'),
(14, 346, '2020-04-07 17:41:17'),
(16, 23.5, '2020-04-07 17:41:17'),
(17, 95, '2020-04-07 17:41:17'),
(15, 335, '2020-04-07 17:41:27'),
(14, 346, '2020-04-07 17:41:27'),
(16, 23.5, '2020-04-07 17:41:27'),
(17, 95, '2020-04-07 17:41:27'),
(15, 334, '2020-04-07 17:41:37'),
(14, 346, '2020-04-07 17:41:37'),
(16, 23.5, '2020-04-07 17:41:37'),
(17, 95, '2020-04-07 17:41:37'),
(15, 334, '2020-04-07 17:41:47'),
(14, 346, '2020-04-07 17:41:47'),
(16, 23.5, '2020-04-07 17:41:47'),
(17, 95, '2020-04-07 17:41:47'),
(15, 335, '2020-04-07 17:41:58'),
(14, 346, '2020-04-07 17:41:58'),
(16, 23.6, '2020-04-07 17:41:58'),
(17, 95, '2020-04-07 17:41:58'),
(15, 334, '2020-04-07 17:42:08'),
(14, 346, '2020-04-07 17:42:08'),
(16, 23.5, '2020-04-07 17:42:08'),
(17, 95, '2020-04-07 17:42:08'),
(15, 335, '2020-04-07 17:42:18'),
(14, 346, '2020-04-07 17:42:18'),
(16, 23.5, '2020-04-07 17:42:18'),
(17, 95, '2020-04-07 17:42:18'),
(15, 335, '2020-04-07 17:42:28'),
(14, 346, '2020-04-07 17:42:28'),
(16, 23.6, '2020-04-07 17:42:28'),
(17, 95, '2020-04-07 17:42:28'),
(15, 335, '2020-04-07 17:42:38'),
(14, 346, '2020-04-07 17:42:38'),
(16, 23.6, '2020-04-07 17:42:38'),
(17, 95, '2020-04-07 17:42:38'),
(15, 335, '2020-04-07 17:42:48'),
(14, 346, '2020-04-07 17:42:48'),
(16, 23.6, '2020-04-07 17:42:48'),
(17, 95, '2020-04-07 17:42:48'),
(15, 335, '2020-04-07 17:42:58'),
(14, 347, '2020-04-07 17:42:58'),
(16, 23.6, '2020-04-07 17:42:58'),
(17, 95, '2020-04-07 17:42:58'),
(15, 335, '2020-04-07 17:43:08'),
(14, 346, '2020-04-07 17:43:08'),
(16, 23.6, '2020-04-07 17:43:08'),
(17, 95, '2020-04-07 17:43:08'),
(15, 335, '2020-04-07 17:43:18'),
(14, 346, '2020-04-07 17:43:18'),
(16, 23.6, '2020-04-07 17:43:18'),
(17, 95, '2020-04-07 17:43:18'),
(15, 334, '2020-04-07 17:43:28'),
(14, 346, '2020-04-07 17:43:28'),
(16, 23.7, '2020-04-07 17:43:28'),
(17, 95, '2020-04-07 17:43:28'),
(15, 335, '2020-04-07 17:43:38'),
(14, 346, '2020-04-07 17:43:38'),
(16, 23.7, '2020-04-07 17:43:38'),
(17, 95, '2020-04-07 17:43:38'),
(15, 336, '2020-04-07 17:43:48'),
(14, 347, '2020-04-07 17:43:48'),
(16, 23.7, '2020-04-07 17:43:48'),
(17, 95, '2020-04-07 17:43:48'),
(15, 335, '2020-04-07 17:43:58'),
(14, 347, '2020-04-07 17:43:58'),
(16, 23.7, '2020-04-07 17:43:58'),
(17, 95, '2020-04-07 17:43:58'),
(15, 335, '2020-04-07 17:44:08'),
(14, 346, '2020-04-07 17:44:08'),
(16, 23.7, '2020-04-07 17:44:08'),
(17, 95, '2020-04-07 17:44:08'),
(15, 335, '2020-04-07 17:44:18'),
(14, 346, '2020-04-07 17:44:18'),
(16, 23.7, '2020-04-07 17:44:18'),
(17, 95, '2020-04-07 17:44:18'),
(15, 335, '2020-04-07 17:44:28'),
(14, 347, '2020-04-07 17:44:28'),
(16, 23.8, '2020-04-07 17:44:28'),
(17, 95, '2020-04-07 17:44:28'),
(15, 335, '2020-04-07 17:44:38'),
(14, 347, '2020-04-07 17:44:38'),
(16, 23.7, '2020-04-07 17:44:38'),
(17, 95, '2020-04-07 17:44:38'),
(15, 335, '2020-04-07 17:44:48'),
(14, 347, '2020-04-07 17:44:48'),
(16, 23.7, '2020-04-07 17:44:48'),
(17, 95, '2020-04-07 17:44:48'),
(15, 335, '2020-04-07 17:44:58'),
(14, 346, '2020-04-07 17:44:58'),
(16, 23.8, '2020-04-07 17:44:58'),
(17, 95, '2020-04-07 17:44:58'),
(15, 335, '2020-04-07 17:45:08'),
(14, 346, '2020-04-07 17:45:08'),
(16, 23.8, '2020-04-07 17:45:08'),
(17, 95, '2020-04-07 17:45:08'),
(15, 336, '2020-04-07 17:45:18'),
(14, 346, '2020-04-07 17:45:18'),
(16, 23.7, '2020-04-07 17:45:18'),
(17, 95, '2020-04-07 17:45:18'),
(15, 335, '2020-04-07 17:45:28'),
(14, 346, '2020-04-07 17:45:28'),
(16, 23.7, '2020-04-07 17:45:28'),
(17, 95, '2020-04-07 17:45:28'),
(15, 335, '2020-04-07 17:45:38'),
(14, 346, '2020-04-07 17:45:38'),
(16, 23.8, '2020-04-07 17:45:38'),
(17, 95, '2020-04-07 17:45:38'),
(15, 335, '2020-04-07 17:45:49'),
(14, 346, '2020-04-07 17:45:49'),
(16, 23.8, '2020-04-07 17:45:49'),
(17, 95, '2020-04-07 17:45:49'),
(15, 335, '2020-04-07 17:45:59'),
(14, 347, '2020-04-07 17:45:59'),
(16, 23.9, '2020-04-07 17:45:59'),
(17, 95, '2020-04-07 17:45:59'),
(15, 335, '2020-04-07 17:46:09'),
(14, 346, '2020-04-07 17:46:09'),
(16, 23.8, '2020-04-07 17:46:09'),
(17, 95, '2020-04-07 17:46:09'),
(15, 335, '2020-04-07 17:46:19'),
(14, 346, '2020-04-07 17:46:19'),
(16, 23.8, '2020-04-07 17:46:19'),
(17, 95, '2020-04-07 17:46:19'),
(15, 335, '2020-04-07 17:46:29'),
(14, 346, '2020-04-07 17:46:29'),
(16, 24, '2020-04-07 17:46:29'),
(17, 95, '2020-04-07 17:46:29'),
(15, 335, '2020-04-07 17:46:39'),
(14, 346, '2020-04-07 17:46:39'),
(16, 23.9, '2020-04-07 17:46:39'),
(17, 95, '2020-04-07 17:46:39'),
(15, 335, '2020-04-07 17:46:49'),
(14, 347, '2020-04-07 17:46:49'),
(16, 23.8, '2020-04-07 17:46:49'),
(17, 95, '2020-04-07 17:46:49'),
(15, 336, '2020-04-07 17:46:59'),
(14, 346, '2020-04-07 17:46:59'),
(16, 23.9, '2020-04-07 17:46:59'),
(17, 95, '2020-04-07 17:46:59'),
(15, 335, '2020-04-07 17:47:09'),
(14, 346, '2020-04-07 17:47:09'),
(16, 23.9, '2020-04-07 17:47:09'),
(17, 95, '2020-04-07 17:47:09'),
(15, 335, '2020-04-07 17:47:19'),
(14, 346, '2020-04-07 17:47:19'),
(16, 23.9, '2020-04-07 17:47:19'),
(17, 95, '2020-04-07 17:47:19'),
(15, 335, '2020-04-07 17:47:29'),
(14, 346, '2020-04-07 17:47:29'),
(16, 23.9, '2020-04-07 17:47:29'),
(17, 95, '2020-04-07 17:47:29'),
(15, 335, '2020-04-07 17:47:39'),
(14, 346, '2020-04-07 17:47:39'),
(16, 23.8, '2020-04-07 17:47:39'),
(17, 95, '2020-04-07 17:47:39'),
(15, 335, '2020-04-07 17:47:49'),
(14, 346, '2020-04-07 17:47:49'),
(16, 23.9, '2020-04-07 17:47:49'),
(17, 95, '2020-04-07 17:47:49'),
(15, 335, '2020-04-07 17:47:59'),
(14, 346, '2020-04-07 17:47:59'),
(16, 23.9, '2020-04-07 17:47:59'),
(17, 95, '2020-04-07 17:47:59'),
(15, 335, '2020-04-07 17:48:09'),
(14, 346, '2020-04-07 17:48:09'),
(16, 23.9, '2020-04-07 17:48:09'),
(17, 95, '2020-04-07 17:48:09'),
(19, 334, '2020-04-07 17:49:29'),
(18, 346, '2020-04-07 17:49:29'),
(20, 23.9, '2020-04-07 17:49:29'),
(21, 95, '2020-04-07 17:49:29'),
(19, 336, '2020-04-07 17:49:39'),
(18, 346, '2020-04-07 17:49:39'),
(20, 23.9, '2020-04-07 17:49:39'),
(21, 95, '2020-04-07 17:49:39'),
(19, 335, '2020-04-07 17:49:49'),
(18, 346, '2020-04-07 17:49:49'),
(20, 23.9, '2020-04-07 17:49:49'),
(21, 95, '2020-04-07 17:49:49'),
(19, 335, '2020-04-07 17:49:59'),
(18, 346, '2020-04-07 17:49:59'),
(20, 23.9, '2020-04-07 17:49:59'),
(21, 95, '2020-04-07 17:49:59'),
(19, 335, '2020-04-07 17:50:09'),
(18, 346, '2020-04-07 17:50:09'),
(20, 23.9, '2020-04-07 17:50:09'),
(21, 95, '2020-04-07 17:50:09'),
(19, 335, '2020-04-07 17:50:19'),
(18, 346, '2020-04-07 17:50:19'),
(20, 23.9, '2020-04-07 17:50:19'),
(21, 95, '2020-04-07 17:50:19'),
(19, 335, '2020-04-07 17:50:29'),
(18, 346, '2020-04-07 17:50:29'),
(20, 23.9, '2020-04-07 17:50:29'),
(21, 95, '2020-04-07 17:50:29'),
(19, 335, '2020-04-07 17:50:39'),
(18, 345, '2020-04-07 17:50:39'),
(20, 23.8, '2020-04-07 17:50:39'),
(21, 95, '2020-04-07 17:50:39'),
(19, 335, '2020-04-07 17:50:49'),
(18, 346, '2020-04-07 17:50:49'),
(20, 23.8, '2020-04-07 17:50:49'),
(21, 95, '2020-04-07 17:50:49'),
(19, 335, '2020-04-07 17:50:59'),
(18, 346, '2020-04-07 17:50:59'),
(20, 23.8, '2020-04-07 17:50:59'),
(21, 95, '2020-04-07 17:50:59'),
(19, 335, '2020-04-07 17:51:09'),
(18, 346, '2020-04-07 17:51:09'),
(20, 23.9, '2020-04-07 17:51:09'),
(21, 95, '2020-04-07 17:51:09'),
(19, 335, '2020-04-07 17:51:19'),
(18, 346, '2020-04-07 17:51:19'),
(20, 23.9, '2020-04-07 17:51:19'),
(21, 95, '2020-04-07 17:51:19'),
(19, 335, '2020-04-07 17:51:29'),
(18, 346, '2020-04-07 17:51:29'),
(20, 24, '2020-04-07 17:51:29'),
(21, 95, '2020-04-07 17:51:29'),
(19, 335, '2020-04-07 17:51:39'),
(18, 345, '2020-04-07 17:51:39'),
(20, 23.9, '2020-04-07 17:51:39'),
(21, 95, '2020-04-07 17:51:39'),
(19, 335, '2020-04-07 17:51:49'),
(18, 346, '2020-04-07 17:51:49'),
(20, 24, '2020-04-07 17:51:49'),
(21, 95, '2020-04-07 17:51:49'),
(19, 335, '2020-04-07 17:51:59'),
(18, 345, '2020-04-07 17:51:59'),
(20, 23.9, '2020-04-07 17:51:59'),
(21, 95, '2020-04-07 17:51:59'),
(19, 335, '2020-04-07 17:52:09'),
(18, 345, '2020-04-07 17:52:09'),
(20, 24, '2020-04-07 17:52:09'),
(21, 95, '2020-04-07 17:52:09'),
(19, 335, '2020-04-07 17:52:19'),
(18, 345, '2020-04-07 17:52:19'),
(20, 24, '2020-04-07 17:52:19'),
(21, 95, '2020-04-07 17:52:19'),
(19, 335, '2020-04-07 17:52:29'),
(18, 345, '2020-04-07 17:52:29'),
(20, 23.9, '2020-04-07 17:52:29'),
(21, 95, '2020-04-07 17:52:29'),
(19, 335, '2020-04-07 17:52:39'),
(18, 345, '2020-04-07 17:52:39'),
(20, 24, '2020-04-07 17:52:39'),
(21, 95, '2020-04-07 17:52:39'),
(19, 334, '2020-04-07 17:52:49'),
(18, 345, '2020-04-07 17:52:49'),
(20, 24, '2020-04-07 17:52:49'),
(21, 95, '2020-04-07 17:52:49'),
(19, 335, '2020-04-07 17:53:00'),
(18, 346, '2020-04-07 17:53:00'),
(20, 23.9, '2020-04-07 17:53:00'),
(21, 95, '2020-04-07 17:53:00'),
(19, 335, '2020-04-07 17:53:10'),
(18, 345, '2020-04-07 17:53:10'),
(20, 23.9, '2020-04-07 17:53:10'),
(21, 95, '2020-04-07 17:53:10'),
(19, 334, '2020-04-07 17:53:20'),
(18, 345, '2020-04-07 17:53:20'),
(20, 23.9, '2020-04-07 17:53:20'),
(21, 95, '2020-04-07 17:53:20'),
(19, 334, '2020-04-07 17:53:30'),
(18, 345, '2020-04-07 17:53:30'),
(20, 23.9, '2020-04-07 17:53:30'),
(21, 95, '2020-04-07 17:53:30'),
(19, 335, '2020-04-07 17:53:40'),
(18, 345, '2020-04-07 17:53:40'),
(20, 23.9, '2020-04-07 17:53:40'),
(21, 95, '2020-04-07 17:53:40'),
(19, 334, '2020-04-07 17:53:50'),
(18, 345, '2020-04-07 17:53:50'),
(20, 23.9, '2020-04-07 17:53:50'),
(21, 95, '2020-04-07 17:53:50'),
(19, 335, '2020-04-07 17:54:00'),
(18, 345, '2020-04-07 17:54:00'),
(20, 24, '2020-04-07 17:54:00'),
(21, 95, '2020-04-07 17:54:00'),
(19, 335, '2020-04-07 17:54:10'),
(18, 345, '2020-04-07 17:54:10'),
(20, 24, '2020-04-07 17:54:10'),
(21, 95, '2020-04-07 17:54:10'),
(19, 334, '2020-04-07 17:54:20'),
(18, 345, '2020-04-07 17:54:20'),
(20, 24, '2020-04-07 17:54:20'),
(21, 95, '2020-04-07 17:54:20'),
(19, 335, '2020-04-07 17:54:30'),
(18, 345, '2020-04-07 17:54:30'),
(20, 23.9, '2020-04-07 17:54:30'),
(21, 95, '2020-04-07 17:54:30'),
(19, 334, '2020-04-07 17:54:40'),
(18, 345, '2020-04-07 17:54:40'),
(20, 23.9, '2020-04-07 17:54:40'),
(21, 95, '2020-04-07 17:54:40'),
(19, 335, '2020-04-07 17:54:50'),
(18, 345, '2020-04-07 17:54:50'),
(20, 24, '2020-04-07 17:54:50'),
(21, 95, '2020-04-07 17:54:50'),
(19, 334, '2020-04-07 17:55:00'),
(18, 345, '2020-04-07 17:55:00'),
(20, 23.9, '2020-04-07 17:55:00'),
(21, 95, '2020-04-07 17:55:00'),
(19, 335, '2020-04-07 17:55:10'),
(18, 345, '2020-04-07 17:55:10'),
(20, 24, '2020-04-07 17:55:10'),
(21, 95, '2020-04-07 17:55:10'),
(19, 335, '2020-04-07 17:55:20'),
(18, 345, '2020-04-07 17:55:20'),
(20, 23.9, '2020-04-07 17:55:20'),
(21, 95, '2020-04-07 17:55:20'),
(19, 335, '2020-04-07 17:55:30'),
(18, 345, '2020-04-07 17:55:30'),
(20, 24, '2020-04-07 17:55:30'),
(21, 95, '2020-04-07 17:55:30'),
(19, 335, '2020-04-07 17:55:40'),
(18, 345, '2020-04-07 17:55:40'),
(20, 24, '2020-04-07 17:55:40'),
(21, 95, '2020-04-07 17:55:40'),
(19, 335, '2020-04-07 17:55:50'),
(18, 345, '2020-04-07 17:55:50'),
(20, 23.9, '2020-04-07 17:55:50'),
(21, 95, '2020-04-07 17:55:50'),
(19, 335, '2020-04-07 17:56:00'),
(18, 345, '2020-04-07 17:56:00'),
(20, 24, '2020-04-07 17:56:00'),
(21, 95, '2020-04-07 17:56:00'),
(19, 335, '2020-04-07 17:56:10'),
(18, 345, '2020-04-07 17:56:10'),
(20, 24, '2020-04-07 17:56:10'),
(21, 95, '2020-04-07 17:56:10'),
(19, 334, '2020-04-07 17:56:20'),
(18, 345, '2020-04-07 17:56:20'),
(20, 23.9, '2020-04-07 17:56:20'),
(21, 95, '2020-04-07 17:56:20'),
(19, 338, '2020-04-07 17:56:30'),
(18, 349, '2020-04-07 17:56:30'),
(20, 23.9, '2020-04-07 17:56:30'),
(21, 95, '2020-04-07 17:56:30'),
(19, 338, '2020-04-07 17:56:40'),
(18, 348, '2020-04-07 17:56:40'),
(20, 24, '2020-04-07 17:56:40'),
(21, 95, '2020-04-07 17:56:40'),
(19, 337, '2020-04-07 17:56:50'),
(18, 347, '2020-04-07 17:56:50'),
(20, 23.9, '2020-04-07 17:56:50'),
(21, 95, '2020-04-07 17:56:50'),
(19, 337, '2020-04-07 17:57:01'),
(18, 347, '2020-04-07 17:57:01'),
(20, 24, '2020-04-07 17:57:01'),
(21, 95, '2020-04-07 17:57:01'),
(19, 337, '2020-04-07 17:57:11'),
(18, 346, '2020-04-07 17:57:11'),
(20, 23.9, '2020-04-07 17:57:11'),
(21, 95, '2020-04-07 17:57:11'),
(19, 335, '2020-04-07 17:57:21'),
(18, 345, '2020-04-07 17:57:21'),
(20, 23.9, '2020-04-07 17:57:21'),
(21, 95, '2020-04-07 17:57:21'),
(19, 336, '2020-04-07 17:57:31'),
(18, 345, '2020-04-07 17:57:31'),
(20, 24, '2020-04-07 17:57:31'),
(21, 95, '2020-04-07 17:57:31'),
(19, 335, '2020-04-07 17:57:41'),
(18, 344, '2020-04-07 17:57:41'),
(20, 24, '2020-04-07 17:57:41'),
(21, 95, '2020-04-07 17:57:41'),
(19, 335, '2020-04-07 17:57:51'),
(18, 344, '2020-04-07 17:57:51'),
(20, 24, '2020-04-07 17:57:51'),
(21, 95, '2020-04-07 17:57:51'),
(19, 335, '2020-04-07 17:58:01'),
(18, 344, '2020-04-07 17:58:01'),
(20, 23.9, '2020-04-07 17:58:01'),
(21, 95, '2020-04-07 17:58:01'),
(19, 335, '2020-04-07 17:58:11'),
(18, 345, '2020-04-07 17:58:11'),
(20, 23.9, '2020-04-07 17:58:11'),
(21, 95, '2020-04-07 17:58:11'),
(19, 335, '2020-04-07 17:58:21'),
(18, 344, '2020-04-07 17:58:21'),
(20, 24, '2020-04-07 17:58:21'),
(21, 95, '2020-04-07 17:58:21'),
(19, 334, '2020-04-07 17:58:31'),
(18, 344, '2020-04-07 17:58:31'),
(20, 24, '2020-04-07 17:58:31'),
(21, 95, '2020-04-07 17:58:31'),
(19, 335, '2020-04-07 17:58:41'),
(18, 344, '2020-04-07 17:58:41'),
(20, 24, '2020-04-07 17:58:41'),
(21, 95, '2020-04-07 17:58:41'),
(19, 335, '2020-04-07 17:58:51'),
(18, 344, '2020-04-07 17:58:51'),
(20, 24, '2020-04-07 17:58:51'),
(21, 95, '2020-04-07 17:58:51'),
(19, 335, '2020-04-07 17:59:01'),
(18, 344, '2020-04-07 17:59:01'),
(20, 24, '2020-04-07 17:59:01'),
(21, 95, '2020-04-07 17:59:01'),
(19, 335, '2020-04-07 17:59:11'),
(18, 344, '2020-04-07 17:59:11'),
(20, 24, '2020-04-07 17:59:11'),
(21, 95, '2020-04-07 17:59:11'),
(19, 335, '2020-04-07 17:59:21'),
(18, 344, '2020-04-07 17:59:21'),
(20, 23.9, '2020-04-07 17:59:21'),
(21, 95, '2020-04-07 17:59:21'),
(19, 335, '2020-04-07 17:59:31'),
(18, 345, '2020-04-07 17:59:31'),
(20, 24, '2020-04-07 17:59:31'),
(21, 95, '2020-04-07 17:59:31'),
(19, 334, '2020-04-07 17:59:41'),
(18, 344, '2020-04-07 17:59:41'),
(20, 24, '2020-04-07 17:59:41'),
(21, 95, '2020-04-07 17:59:41'),
(19, 334, '2020-04-07 17:59:51'),
(18, 343, '2020-04-07 17:59:51'),
(20, 24, '2020-04-07 17:59:51'),
(21, 95, '2020-04-07 17:59:51'),
(19, 334, '2020-04-07 18:00:01'),
(18, 343, '2020-04-07 18:00:01'),
(20, 24, '2020-04-07 18:00:01'),
(21, 95, '2020-04-07 18:00:01'),
(19, 334, '2020-04-07 18:00:11'),
(18, 343, '2020-04-07 18:00:11'),
(20, 24, '2020-04-07 18:00:11'),
(21, 95, '2020-04-07 18:00:11'),
(19, 335, '2020-04-07 18:00:21'),
(18, 344, '2020-04-07 18:00:21'),
(20, 24, '2020-04-07 18:00:21'),
(21, 95, '2020-04-07 18:00:21'),
(19, 334, '2020-04-07 18:00:31'),
(18, 343, '2020-04-07 18:00:31'),
(20, 23.9, '2020-04-07 18:00:31'),
(21, 95, '2020-04-07 18:00:31'),
(19, 334, '2020-04-07 18:00:41'),
(18, 343, '2020-04-07 18:00:41'),
(20, 24, '2020-04-07 18:00:41'),
(21, 95, '2020-04-07 18:00:41'),
(19, 334, '2020-04-07 18:00:51'),
(18, 343, '2020-04-07 18:00:51'),
(20, 24, '2020-04-07 18:00:51'),
(21, 95, '2020-04-07 18:00:51'),
(19, 334, '2020-04-07 18:01:02'),
(18, 343, '2020-04-07 18:01:02'),
(20, 24, '2020-04-07 18:01:02'),
(21, 95, '2020-04-07 18:01:02'),
(19, 334, '2020-04-07 18:01:12'),
(18, 343, '2020-04-07 18:01:12'),
(20, 24, '2020-04-07 18:01:12'),
(21, 95, '2020-04-07 18:01:12'),
(19, 334, '2020-04-07 18:01:22'),
(18, 343, '2020-04-07 18:01:22'),
(20, 24, '2020-04-07 18:01:22'),
(21, 95, '2020-04-07 18:01:22'),
(19, 333, '2020-04-07 18:01:32'),
(18, 343, '2020-04-07 18:01:32'),
(20, 24, '2020-04-07 18:01:32'),
(21, 95, '2020-04-07 18:01:32'),
(19, 333, '2020-04-07 18:01:42'),
(18, 342, '2020-04-07 18:01:42'),
(20, 24, '2020-04-07 18:01:42'),
(21, 95, '2020-04-07 18:01:42'),
(19, 333, '2020-04-07 18:01:52'),
(18, 342, '2020-04-07 18:01:52'),
(20, 24.1, '2020-04-07 18:01:52'),
(21, 95, '2020-04-07 18:01:52'),
(19, 333, '2020-04-07 18:02:02'),
(18, 342, '2020-04-07 18:02:02'),
(20, 24, '2020-04-07 18:02:02'),
(21, 95, '2020-04-07 18:02:02'),
(19, 333, '2020-04-07 18:02:12'),
(18, 343, '2020-04-07 18:02:12'),
(20, 24, '2020-04-07 18:02:12'),
(21, 95, '2020-04-07 18:02:12'),
(19, 333, '2020-04-07 18:02:22'),
(18, 342, '2020-04-07 18:02:22'),
(20, 24, '2020-04-07 18:02:22'),
(21, 95, '2020-04-07 18:02:22'),
(19, 333, '2020-04-07 18:02:32'),
(18, 342, '2020-04-07 18:02:32'),
(20, 24, '2020-04-07 18:02:32'),
(21, 95, '2020-04-07 18:02:32'),
(23, 333, '2020-04-07 18:03:36'),
(22, 342, '2020-04-07 18:03:36'),
(24, 24, '2020-04-07 18:03:36'),
(25, 95, '2020-04-07 18:03:36'),
(23, 333, '2020-04-07 18:03:46'),
(22, 342, '2020-04-07 18:03:46'),
(24, 24, '2020-04-07 18:03:46'),
(25, 95, '2020-04-07 18:03:46'),
(23, 332, '2020-04-07 18:03:56'),
(22, 343, '2020-04-07 18:03:56'),
(24, 24, '2020-04-07 18:03:56'),
(25, 95, '2020-04-07 18:03:56'),
(23, 333, '2020-04-07 18:04:06'),
(22, 342, '2020-04-07 18:04:06'),
(24, 24, '2020-04-07 18:04:06'),
(25, 95, '2020-04-07 18:04:06'),
(23, 333, '2020-04-07 18:04:16'),
(22, 342, '2020-04-07 18:04:16'),
(24, 24, '2020-04-07 18:04:16'),
(25, 95, '2020-04-07 18:04:16'),
(23, 333, '2020-04-07 18:04:26'),
(22, 342, '2020-04-07 18:04:26'),
(24, 24, '2020-04-07 18:04:26'),
(25, 95, '2020-04-07 18:04:26'),
(23, 332, '2020-04-07 18:04:36'),
(22, 342, '2020-04-07 18:04:36'),
(24, 24, '2020-04-07 18:04:36'),
(25, 95, '2020-04-07 18:04:36'),
(23, 332, '2020-04-07 18:04:46'),
(22, 342, '2020-04-07 18:04:46'),
(24, 24, '2020-04-07 18:04:46'),
(25, 95, '2020-04-07 18:04:46'),
(23, 332, '2020-04-07 18:04:56'),
(22, 342, '2020-04-07 18:04:56'),
(24, 24, '2020-04-07 18:04:56'),
(25, 95, '2020-04-07 18:04:56'),
(23, 332, '2020-04-07 18:05:06'),
(22, 342, '2020-04-07 18:05:06'),
(24, 24, '2020-04-07 18:05:06'),
(25, 95, '2020-04-07 18:05:06'),
(23, 332, '2020-04-07 18:05:16'),
(22, 342, '2020-04-07 18:05:16'),
(24, 24, '2020-04-07 18:05:16'),
(25, 95, '2020-04-07 18:05:16'),
(23, 333, '2020-04-07 18:05:26'),
(22, 342, '2020-04-07 18:05:26'),
(24, 24, '2020-04-07 18:05:26'),
(25, 95, '2020-04-07 18:05:26'),
(23, 332, '2020-04-07 18:05:36'),
(22, 341, '2020-04-07 18:05:36'),
(24, 24, '2020-04-07 18:05:36'),
(25, 95, '2020-04-07 18:05:36'),
(23, 333, '2020-04-07 18:05:46'),
(22, 341, '2020-04-07 18:05:46'),
(24, 24, '2020-04-07 18:05:46'),
(25, 95, '2020-04-07 18:05:46'),
(23, 333, '2020-04-07 18:05:56'),
(22, 342, '2020-04-07 18:05:56'),
(24, 24, '2020-04-07 18:05:56'),
(25, 95, '2020-04-07 18:05:56'),
(23, 332, '2020-04-07 18:06:06'),
(22, 342, '2020-04-07 18:06:06'),
(24, 23.9, '2020-04-07 18:06:06'),
(25, 95, '2020-04-07 18:06:06'),
(23, 333, '2020-04-07 18:06:16'),
(22, 341, '2020-04-07 18:06:16'),
(24, 24, '2020-04-07 18:06:16'),
(25, 95, '2020-04-07 18:06:16'),
(23, 332, '2020-04-07 18:06:26'),
(22, 342, '2020-04-07 18:06:26'),
(24, 24.1, '2020-04-07 18:06:26'),
(25, 95, '2020-04-07 18:06:26'),
(23, 332, '2020-04-07 18:06:36'),
(22, 342, '2020-04-07 18:06:36'),
(24, 24, '2020-04-07 18:06:36'),
(25, 95, '2020-04-07 18:06:36'),
(23, 332, '2020-04-07 18:06:46'),
(22, 342, '2020-04-07 18:06:46'),
(24, 24, '2020-04-07 18:06:46'),
(25, 95, '2020-04-07 18:06:46'),
(23, 332, '2020-04-07 18:06:56'),
(22, 341, '2020-04-07 18:06:56'),
(24, 24, '2020-04-07 18:06:56'),
(25, 95, '2020-04-07 18:06:56'),
(23, 332, '2020-04-07 18:07:07'),
(22, 341, '2020-04-07 18:07:07'),
(24, 24, '2020-04-07 18:07:07'),
(25, 95, '2020-04-07 18:07:07'),
(23, 333, '2020-04-07 18:07:17'),
(22, 342, '2020-04-07 18:07:17'),
(24, 24, '2020-04-07 18:07:17'),
(25, 95, '2020-04-07 18:07:17'),
(23, 332, '2020-04-07 18:07:27'),
(22, 342, '2020-04-07 18:07:27'),
(24, 24, '2020-04-07 18:07:27'),
(25, 95, '2020-04-07 18:07:27'),
(23, 332, '2020-04-07 18:07:37'),
(22, 342, '2020-04-07 18:07:37'),
(24, 24, '2020-04-07 18:07:37'),
(25, 95, '2020-04-07 18:07:37'),
(23, 332, '2020-04-07 18:07:47'),
(22, 342, '2020-04-07 18:07:47'),
(24, 24, '2020-04-07 18:07:47'),
(25, 95, '2020-04-07 18:07:47'),
(23, 332, '2020-04-07 18:07:57'),
(22, 341, '2020-04-07 18:07:57'),
(24, 24, '2020-04-07 18:07:57'),
(25, 95, '2020-04-07 18:07:57'),
(23, 332, '2020-04-07 18:08:07'),
(22, 342, '2020-04-07 18:08:07'),
(24, 24, '2020-04-07 18:08:07'),
(25, 95, '2020-04-07 18:08:07'),
(23, 332, '2020-04-07 18:08:17'),
(22, 341, '2020-04-07 18:08:17'),
(24, 24, '2020-04-07 18:08:17'),
(25, 95, '2020-04-07 18:08:17'),
(23, 332, '2020-04-07 18:08:27'),
(22, 342, '2020-04-07 18:08:27'),
(24, 23.9, '2020-04-07 18:08:27'),
(25, 95, '2020-04-07 18:08:27'),
(23, 332, '2020-04-07 18:08:37'),
(22, 342, '2020-04-07 18:08:37'),
(24, 24, '2020-04-07 18:08:37'),
(25, 95, '2020-04-07 18:08:37'),
(23, 332, '2020-04-07 18:08:47'),
(22, 341, '2020-04-07 18:08:47'),
(24, 23.9, '2020-04-07 18:08:47'),
(25, 95, '2020-04-07 18:08:47'),
(23, 333, '2020-04-07 18:08:57'),
(22, 342, '2020-04-07 18:08:57'),
(24, 24, '2020-04-07 18:08:57'),
(25, 95, '2020-04-07 18:08:57'),
(23, 332, '2020-04-07 18:09:07'),
(22, 341, '2020-04-07 18:09:07'),
(24, 24, '2020-04-07 18:09:07'),
(25, 95, '2020-04-07 18:09:07'),
(23, 332, '2020-04-07 18:09:17'),
(22, 342, '2020-04-07 18:09:17'),
(24, 24, '2020-04-07 18:09:17'),
(25, 95, '2020-04-07 18:09:17'),
(23, 333, '2020-04-07 18:09:27'),
(22, 342, '2020-04-07 18:09:27'),
(24, 24, '2020-04-07 18:09:27'),
(25, 95, '2020-04-07 18:09:27'),
(23, 332, '2020-04-07 18:09:37'),
(22, 341, '2020-04-07 18:09:37'),
(24, 23.9, '2020-04-07 18:09:37'),
(25, 95, '2020-04-07 18:09:37'),
(23, 332, '2020-04-07 18:09:47'),
(22, 341, '2020-04-07 18:09:47'),
(24, 23.9, '2020-04-07 18:09:47'),
(25, 95, '2020-04-07 18:09:47'),
(23, 332, '2020-04-07 18:09:57'),
(22, 341, '2020-04-07 18:09:57'),
(24, 24, '2020-04-07 18:09:57'),
(25, 95, '2020-04-07 18:09:57'),
(23, 332, '2020-04-07 18:10:07'),
(22, 342, '2020-04-07 18:10:07'),
(24, 23.9, '2020-04-07 18:10:07'),
(25, 95, '2020-04-07 18:10:07'),
(23, 332, '2020-04-07 18:10:17'),
(22, 342, '2020-04-07 18:10:17'),
(24, 23.9, '2020-04-07 18:10:17'),
(25, 95, '2020-04-07 18:10:17'),
(23, 332, '2020-04-07 18:10:27'),
(22, 342, '2020-04-07 18:10:27'),
(24, 24, '2020-04-07 18:10:27'),
(25, 95, '2020-04-07 18:10:27'),
(23, 332, '2020-04-07 18:10:37'),
(22, 342, '2020-04-07 18:10:37'),
(24, 23.9, '2020-04-07 18:10:37'),
(25, 95, '2020-04-07 18:10:37'),
(23, 332, '2020-04-07 18:10:47'),
(22, 342, '2020-04-07 18:10:47'),
(24, 23.9, '2020-04-07 18:10:47'),
(25, 95, '2020-04-07 18:10:47'),
(23, 332, '2020-04-07 18:10:57'),
(22, 341, '2020-04-07 18:10:57'),
(24, 23.9, '2020-04-07 18:10:57'),
(25, 95, '2020-04-07 18:10:57'),
(23, 331, '2020-04-07 18:11:07'),
(22, 342, '2020-04-07 18:11:07'),
(24, 23.9, '2020-04-07 18:11:07'),
(25, 95, '2020-04-07 18:11:07'),
(23, 332, '2020-04-07 18:11:18'),
(22, 341, '2020-04-07 18:11:18'),
(24, 24, '2020-04-07 18:11:18'),
(25, 95, '2020-04-07 18:11:18'),
(23, 332, '2020-04-07 18:11:28'),
(22, 342, '2020-04-07 18:11:28'),
(24, 24, '2020-04-07 18:11:28'),
(25, 95, '2020-04-07 18:11:28'),
(23, 332, '2020-04-07 18:11:38'),
(22, 342, '2020-04-07 18:11:38'),
(24, 23.9, '2020-04-07 18:11:38'),
(25, 95, '2020-04-07 18:11:38'),
(23, 332, '2020-04-07 18:11:48'),
(22, 341, '2020-04-07 18:11:48'),
(24, 23.9, '2020-04-07 18:11:48'),
(25, 95, '2020-04-07 18:11:48'),
(23, 331, '2020-04-07 18:11:58'),
(22, 341, '2020-04-07 18:11:58'),
(24, 23.9, '2020-04-07 18:11:58'),
(25, 95, '2020-04-07 18:11:58'),
(23, 332, '2020-04-07 18:12:08'),
(22, 341, '2020-04-07 18:12:08'),
(24, 23.9, '2020-04-07 18:12:08'),
(25, 95, '2020-04-07 18:12:08'),
(23, 332, '2020-04-07 18:12:18'),
(22, 342, '2020-04-07 18:12:18'),
(24, 23.9, '2020-04-07 18:12:18'),
(25, 95, '2020-04-07 18:12:18'),
(23, 331, '2020-04-07 18:12:28'),
(22, 341, '2020-04-07 18:12:28'),
(24, 23.9, '2020-04-07 18:12:28'),
(25, 95, '2020-04-07 18:12:28'),
(23, 331, '2020-04-07 18:12:38'),
(22, 341, '2020-04-07 18:12:38'),
(24, 24, '2020-04-07 18:12:38'),
(25, 95, '2020-04-07 18:12:38'),
(23, 332, '2020-04-07 18:12:48'),
(22, 341, '2020-04-07 18:12:48'),
(24, 23.9, '2020-04-07 18:12:48'),
(25, 95, '2020-04-07 18:12:48'),
(23, 332, '2020-04-07 18:12:58'),
(22, 341, '2020-04-07 18:12:58'),
(24, 24, '2020-04-07 18:12:58'),
(25, 95, '2020-04-07 18:12:58'),
(23, 331, '2020-04-07 18:13:08'),
(22, 341, '2020-04-07 18:13:08'),
(24, 24, '2020-04-07 18:13:08'),
(25, 95, '2020-04-07 18:13:08'),
(23, 331, '2020-04-07 18:13:18'),
(22, 341, '2020-04-07 18:13:18'),
(24, 23.9, '2020-04-07 18:13:18'),
(25, 95, '2020-04-07 18:13:18'),
(23, 331, '2020-04-07 18:13:28'),
(22, 341, '2020-04-07 18:13:28'),
(24, 24, '2020-04-07 18:13:28'),
(25, 95, '2020-04-07 18:13:28'),
(23, 332, '2020-04-07 18:13:38'),
(22, 341, '2020-04-07 18:13:38'),
(24, 23.8, '2020-04-07 18:13:38'),
(25, 95, '2020-04-07 18:13:38'),
(23, 331, '2020-04-07 18:13:48'),
(22, 341, '2020-04-07 18:13:48'),
(24, 23.9, '2020-04-07 18:13:48'),
(25, 95, '2020-04-07 18:13:48'),
(23, 331, '2020-04-07 18:13:58'),
(22, 341, '2020-04-07 18:13:58'),
(24, 23.8, '2020-04-07 18:13:58'),
(25, 95, '2020-04-07 18:13:58'),
(23, 330, '2020-04-07 18:14:08'),
(22, 339, '2020-04-07 18:14:08'),
(24, 23.9, '2020-04-07 18:14:08'),
(25, 95, '2020-04-07 18:14:08');

-- --------------------------------------------------------

--
-- Estructura de tabla para la tabla `sensores`
--

CREATE TABLE `sensores` (
  `idSensores` int(11) NOT NULL,
  `idtipoDsensor` int(11) NOT NULL,
  `idconjuntoDsensores` int(11) NOT NULL
) ENGINE=InnoDB DEFAULT CHARSET=utf8 COLLATE=utf8_spanish_ci;

--
-- Volcado de datos para la tabla `sensores`
--

INSERT INTO `sensores` (`idSensores`, `idtipoDsensor`, `idconjuntoDsensores`) VALUES
(14, 1, 32),
(15, 2, 32),
(16, 3, 32),
(17, 4, 32),
(18, 1, 33),
(19, 2, 33),
(20, 3, 33),
(21, 4, 33),
(22, 1, 34),
(23, 2, 34),
(24, 3, 34),
(25, 4, 34);

-- --------------------------------------------------------

--
-- Estructura de tabla para la tabla `tipodsensor`
--

CREATE TABLE `tipodsensor` (
  `idtipoDsensor` int(10) NOT NULL,
  `tipo` varchar(30) COLLATE utf8_spanish_ci NOT NULL
) ENGINE=InnoDB DEFAULT CHARSET=utf8 COLLATE=utf8_spanish_ci;

--
-- Volcado de datos para la tabla `tipodsensor`
--

INSERT INTO `tipodsensor` (`idtipoDsensor`, `tipo`) VALUES
(1, 'CO2'),
(2, 'Metano'),
(3, 'Temperatura'),
(4, 'Humedad');

--
-- Índices para tablas volcadas
--

--
-- Indices de la tabla `conjuntodsensores`
--
ALTER TABLE `conjuntodsensores`
  ADD PRIMARY KEY (`idconjuntoDsensores`);

--
-- Indices de la tabla `lecturas`
--
ALTER TABLE `lecturas`
  ADD KEY `idSensores` (`idSensores`);

--
-- Indices de la tabla `sensores`
--
ALTER TABLE `sensores`
  ADD PRIMARY KEY (`idSensores`),
  ADD KEY `idtipoDsensor` (`idtipoDsensor`),
  ADD KEY `idconjuntoDsensores` (`idconjuntoDsensores`);

--
-- Indices de la tabla `tipodsensor`
--
ALTER TABLE `tipodsensor`
  ADD PRIMARY KEY (`idtipoDsensor`);

--
-- AUTO_INCREMENT de las tablas volcadas
--

--
-- AUTO_INCREMENT de la tabla `conjuntodsensores`
--
ALTER TABLE `conjuntodsensores`
  MODIFY `idconjuntoDsensores` int(10) NOT NULL AUTO_INCREMENT, AUTO_INCREMENT=35;

--
-- AUTO_INCREMENT de la tabla `sensores`
--
ALTER TABLE `sensores`
  MODIFY `idSensores` int(11) NOT NULL AUTO_INCREMENT, AUTO_INCREMENT=26;

--
-- AUTO_INCREMENT de la tabla `tipodsensor`
--
ALTER TABLE `tipodsensor`
  MODIFY `idtipoDsensor` int(10) NOT NULL AUTO_INCREMENT, AUTO_INCREMENT=5;

--
-- Restricciones para tablas volcadas
--

--
-- Filtros para la tabla `lecturas`
--
ALTER TABLE `lecturas`
  ADD CONSTRAINT `lecturas_ibfk_1` FOREIGN KEY (`idSensores`) REFERENCES `sensores` (`idSensores`) ON DELETE CASCADE ON UPDATE CASCADE;

--
-- Filtros para la tabla `sensores`
--
ALTER TABLE `sensores`
  ADD CONSTRAINT `sensores_ibfk_1` FOREIGN KEY (`idconjuntoDsensores`) REFERENCES `conjuntodsensores` (`idconjuntoDsensores`) ON DELETE CASCADE ON UPDATE CASCADE,
  ADD CONSTRAINT `sensores_ibfk_2` FOREIGN KEY (`idtipoDsensor`) REFERENCES `tipodsensor` (`idtipoDsensor`) ON DELETE CASCADE ON UPDATE CASCADE;
COMMIT;

/*!40101 SET CHARACTER_SET_CLIENT=@OLD_CHARACTER_SET_CLIENT */;
/*!40101 SET CHARACTER_SET_RESULTS=@OLD_CHARACTER_SET_RESULTS */;
/*!40101 SET COLLATION_CONNECTION=@OLD_COLLATION_CONNECTION */;
